"Paper Title","Paper Link","Publication Year","Publication Type","Publication Title","Author Names","DOI","PDF Link","Relevant Excerpt","Abstract"
"The Accuracy of Species Tree Estimation under Simulation: A Comparison of Methods","https://scispace.com/paper/leache-and-rannala-2011-the-accuracy-of-species-tree-uucu6e1q","2010","","Systematic Biology","Adam D. Leaché
Bruce Rannala","10.1093/sysbio/syq073","https://scispace.com/records/leache-and-rannala-2011-the-accuracy-of-species-tree-uucu6e1q","1. Species Tree Inference:
 These methods (described below) included data concatenation, Bayesian concordance analysis, and models that incorporate the multispecies coalescent (maximum likelihood [ML] using gene trees and Bayesian inference).","Numerous simulation studies have investigated the accuracy of phylogenetic inference of gene trees under maximum parsimony, maximum likelihood, and Bayesian techniques. The relative accuracy of species tree inference methods under simulation has received less study. The number of analytical techniques available for inferring species trees is increasing rapidly, and in this paper, we compare the performance of several species tree inference techniques at estimating recent species divergences using computer simulation. Simulating gene trees within species trees of different shapes and with varying tree lengths (T) and population sizes (θ), and evolving sequences on those gene trees, allows us to determine how phylogenetic accuracy changes in relation to different levels of deep coalescence and phylogenetic signal. When the probability of discordance between the gene trees and the species tree is high (i.e., T is small and/or θ is large), Bayesian species tree inference using the multispecies coalescent (BEST) outperforms other methods. The performance of all methods improves as the total length of the species tree is increased, which reflects the combined benefits of decreasing the probability of discordance between species trees and gene trees and gaining more accurate estimates for gene trees. Decreasing the probability of deep coalescences by reducing θ also leads to accuracy gains for most methods. Increasing the number of loci from 10 to 100 improves accuracy under difficult demographic scenarios (i.e., coalescent units < 4Ne), but 10 loci are adequate for estimating the correct species tree in cases where deep coalescence is limited or absent. In general, the correlation between the phylogenetic accuracy and the posterior probability values obtained from BEST is high, although posterior probabilities are overestimated when the prior distribution for θ is misspecified. [Coalescence; gene trees; incomplete lineage sorting; multilocus data; phylogeny reconstruction; simulation; tree shape.]"
"Identification, Abundance, and Behaviour of Galagos (Primates, Galagidae) in the Shire Highlands, Malawi","https://scispace.com/paper/wallace-identification-abundance-and-behaviour-of-galagos-x6a4u7gw","2005","","","Graham Edward Wallace","","https://scispace.com/records/wallace-identification-abundance-and-behaviour-of-galagos-x6a4u7gw","1. INTRODUCTION:
 Molecular techniques are increasingly used to elucidate this process by reconstructing the evolutionary history of galagos and estimating genetic distances between them .

2. BACKGROUND:
 Although galagos (Order Primates, Family Galagidae) are extensively distributed across sub-Saharan Africa as a taxonomic group, many species of galago continue to be only partially described both in terms of and throughout their range .","Although galagos are extensively distributed across sub-Saharan Africa as a taxonomic group, many species are only partially described both in terms of and throughout their range. In particular, there is a lack of data for species occurring in the Shire Highlands of Malawi, and one form at Thyolo Mountain awaits description. The aims of the study where to address existing data deficiencies by (i) identifying and describing the species of galago occurring in Malawi's Shire Highlands, (ii) assessing their distribution and relative abundance, (iii) providing insights into their behaviour, and (iv) gathering information with regard to human impacts that impinge upon their current and future conservation status. Assessment of the inter-relationships between these factors is fundamental to ensuring the long-term viability of galago populations in the region. Vocalisation analysis, compilation of call profiles, descriptions of morphology, systematic surveys, behaviour observations, and assessments of substrate-use were completed to identify two species of galago in the Shire Highlands (Galagoides granti and Otolemur crassicaudatus), determine their distribution and relative abundance on the basis of encounter rates, construct activity budgets, and compile substrate-use profiles that reflect habitat preferences across the region. Vocal repertoires were compiled for each species, and preliminary information regarding human impacts and disturbance was acquired. The results of the study not only contribute to clarification of galago diversity but also provide valuable preliminary data fundamental to management and conservation of galagos across the Shire Highlands."
"Is Recombination a Problem for Species-Tree Analyses?","https://scispace.com/paper/2012laniesknowlesisrecombsb-mq5ftto2","2012","","Systematic Biology","Hayley C. Lanier
L. Lacey Knowles","","https://scispace.com/records/2012laniesknowlesisrecombsb-mq5ftto2","1. DISCUSSION:
 Coalescent methods for species-tree reconstruction","As the field of phylogenetics transitions into phylogenomics it has spurred a shift in the general paradigm for data analysis whereby specific dataset attributes can now be considered in a model-based framework. Much effort has been put in to modeling the effects of nucleotide substitution within a genealogy (i.e., modeling mutations; Felsenstein 2005) and the sorting genes between lineages (i.e., coalescence; Knowles and Kubatko 2010), both of which are inherent properties of all species histories. Improvements in accuracy of species-tree estimation related to using models that account for these two sources of uncertainty have been well documented (Carstens and Knowles 2007; Edwards et al. 2007; Kubatko and Degnan 2007), but these are clearly not the only sources of gene-tree species-tree discordance. As the field transitions towards using multilocus data, the role of other inherent dataset properties that may be sources of uncertainty, such as intralocus recombination, needs to be examined and quantified. As all species-tree methods in current use rely on the simplifying assumption that recombination occurs between but not within loci, ignoring the presence of recombination represents a widespread and ubiquitous violation of species-tree models. Recombination within a locus may be a greater problem for species-tree methodologies than for concatenation because species-tree methods more accurately model the patterns arising from coalescent stochasticity. Concatenation assumes all genes share a common underlying tree, a model violated by most multilocus data (Knowles and Carstens 2007; Cranston 2010; Linnen 2010; Wiens et al. 2010). The failure to recognize recombination events may result in a mismatch between estimated gene trees and the true genealogies (Fig. 1). This discord is necessarily smaller relative to the discord of ignoring both recombination and making the assumption that all loci would have the same genealogy (i.e., ignoring coalescent variance), as when data are concatenated. Nevertheless, because coalescent methods for species-tree estimation explicitly model each gene tree separately, the relative contribution of recombination to the uncertainty of the estimated species tree may be substantial. Challenges posed by recombination may also be greatest for species-tree methods that rely on estimating parameters related to the scaled mutation rate (Liu 2008; Liu et al. 2008; Heled and Drummond 2010) because recombination-introduced heterogeneity may interfere with branch length estimates or for species-tree methods that do not fully account for gene-tree uncertainty (Maddison and Knowles 2006; Kubatko et al, 2009). Lastly, recombination may interact with other aspects of the speciation history, such as time to divergence, population size, the length of time between speciation events, and sampling effort (McCormack et al. 2009). For example, recombination events occurring in recently speciated groups may not have accumulated a sufficient number of mutations for the effects to be problematic (see Fig. 1). Unlike coalescent events, which are treelike and depend on waiting time to coalescence, accounting for both coalescence and recombination requires an ancestral recombination graph with a mathematically complex series of reticulations (Hein et al. 2005; Wakeley 2009). Because of the complexity introduced by recombination, no species-tree reconstruction method (in current use) deals with it explicitly. Options do exist for simulating the process of coalescence with recombination as it affects a genealogy, though, and these may be useful for understanding the effects of recombination in species-tree estimation. Hudson's (1983) formulation models coalescence and recombination as two competing exponentially-distributed events which differ in their relationship to population size. The rate of coalescence is proportional to the square of the number of ancestors whereas recombination rate increases linearly with ancestral population size (Hein et al. 2005), meaning that coalescense will always be more prevalent in a dataset than recombination. Furthermore, not all recombination events are likely to have the same effect on gene-tree quality. Looking backwards through time, recombination events can be divided into three categories relative to coalescence (Fig. 1; Hein et al. 2005): a) recombination followed by coalescence between recombining sequences producing no change to topology or branch length, b) recombination followed by coalescence with another sequence and then with the other recombining lineage changing branch length but not topology, and c) recombining sequences each coalesce first with other genes affecting both branch length and topology. These three types of recombination events are expected to affect the accuracy of species-tree reconstructions to different degrees given they will contribute varying types of gene-tree species-tree discord. Moreover, directly modeling them in a species-tree framework may be difficult due to the nearly infinite number of ancestral states they generate. This raises the legitimate question of how recombination should be dealt with. Should we be removing loci that show the signature of recombination? Or should we proceed with species-tree analyses, despite recombination within loci? In general, recombination with respect to species-tree reconstruction has been little discussed. Where mentioned, the opinions on the subject differ widely. Some authors consider recombination to be of little interest to species-tree reconstruction (Ané 2010), but others note that it may lead to important consequences (Edwards 2009). There has also been a lack of studies that explicitly address recombination and the effect that it has on species-tree inference, with the exception of one study (Castillo-Ramírez et al. 2010). However, because this study artificially represented the effects of recombination in multilocus datasets by swapping branches randomly among taxa in the respective gene trees, the results are difficult to interpret (i.e., it is unclear the extent to which the genealogical discord generated falls within the natural range of recombination rates). It may be that any negative effect on the quality of species-tree inference has more to do with the manner in which recombination was represented in the simulation (Castillo-Ramírez et al. 2010). Given this ambiguity, and the fairly pervasive source of uncertainty that recombination potentially poses for species-tree estimates, explicit tests of whether species-tree estimates are susceptible to or robust to intralocus recombination are very much needed."
"Bayesian Inference of Species Trees from Multilocus Data","https://scispace.com/paper/heled-and-drummond-2010-bayesian-inference-of-species-trees-ckv57tjl","2009","","Molecular Biology and Evolution","Joseph Heled
Alexei J. Drummond","10.1093/molbev/msp274","https://scispace.com/records/heled-and-drummond-2010-bayesian-inference-of-species-trees-ckv57tjl","1. Introduction:
 A number of researchers have taken advantage of the multispecies coalescent model to develop methods that reconcile a set of gene trees with a shared species tree .

2. Introduction:
 In this paper, we will term models that emphasize incomplete lineage sorting as the main source of inconsistency between gene trees and species trees, ""multispecies coalescent models.""

3. Abstract:
 Here, we present a Bayesian Markov chain Monte Carlo method for the multispecies coalescent. Our method coestimates multiple gene trees embedded in a shared species tree along with the effective population size of both extant and ancestral species.","Until recently, it has been common practice for a phylogenetic analysis to use a single gene sequence from a single individual organism as a proxy for an entire species. With technological advances, it is now becoming more common to collect data sets containing multiple gene loci and multiple individuals per species. These data sets often reveal the need to directly model intraspecies polymorphism and incomplete lineage sorting in phylogenetic estimation procedures. For a single species, coalescent theory is widely used in contemporary population genetics to model intraspecific gene trees. Here, we present a Bayesian Markov chain Monte Carlo method for the multispecies coalescent. Our method coestimates multiple gene trees embedded in a shared species tree along with the effective population size of both extant and ancestral species. The inference is made possible by multilocus data from multiple individuals per species. Using a multiindividual data set and a series of simulations of rapid species radiations, we demonstrate the efficacy of our new method. These simulations give some insight into the behavior of the method as a function of sampled individuals, sampled loci, and sequence length. Finally, we compare our new method to both an existing method (BEST 2.2) with similar goals and the supermatrix (concatenation) method. We demonstrate that both BEST and our method have much better estimation accuracy for species tree topology than concatenation, and our method outperforms BEST in divergence time and population size estimation."
"A coalescent perspective on delimiting and naming species: a reply to Bauer et al.","https://scispace.com/paper/fujita-and-leache-2011-a-coalescent-perspective-on-016ld7s0","2010","","Proceedings of the Royal Society B: Biological Sciences","Matthew K. Fujita
Adam D. Leaché","10.1098/rspb.2010.1864","https://scispace.com/records/fujita-and-leache-2011-a-coalescent-perspective-on-016ld7s0","1. MULTI-LOCUS, COALESCENT-BASED METHODS INCREASE OBJECTIVITY IN SPECIES DELIMITATION:
 Multi-locus data also capture the stochasticity inherent in the coalescent, including gene tree incongruence stemming from incomplete lineage sorting, variation in molecular sequences and variation in demographic parameters , all of which must be modelled to achieve accurate species delimitation with molecular genetic data.",""
"Multiple nuclear loci reveal patterns of incomplete lineage sorting and complex species history within western mouse lemurs (Microcebus)","https://scispace.com/paper/heckman-et-al-2007-multiple-nuclear-loci-reveal-patterns-of-sgfom0ih","2007","","Molecular Phylogenetics and Evolution","Kellie L. Heckman
Carol L. Mariani
Rodin Rasoloarison
Anne D. Yoder","10.1016/j.ympev.2007.03.005","https://scispace.com/records/heckman-et-al-2007-multiple-nuclear-loci-reveal-patterns-of-sgfom0ih","1. The need for a multilocus perspective:
 Each locus is also analyzed using phylogenetic methods to estimate the species history, both individually and as a concatenated sequence (i.e., the combined data approach).

2. The need for a multilocus perspective:
 Thus, for this study, we include both separate and combined analyses to allow for comparisons of trees derived from both approaches and also to determine the impact that combining data has on phylogenetic inference.

3. The need for a multilocus perspective:
 A combined approach has been favored by many to fully utilize genetic information in deriving phylogenetic estimates , despite the potential ill effects of incomplete lineage sorting and independent evolution among genomes.","Mouse lemurs (genus Microcebus) are nocturnal primates endemic to the island of Madagascar. Until recently, they were classified as two species, one from eastern and one from western Madagascar. Previously published analyses of morphometric and mitochondrial DNA data show strong support for the recognition of more than eight species, however. Here, we test the eight-species hypothesis with DNA data derived from four independently segregating nuclear loci. We find many areas of congruence between the mitochondrial and nuclear data, but incomplete lineage sorting and low mutation rates limit the phylogenetic resolution of the nuclear data. Even so, the nuclear loci unanimously find evidence for three deeply diverged lineages within the mouse lemur radiation: one that is congruent with the mtDNA ""southern clade"", another that is congruent with the mtDNA ""northern clade"", and one monospecific branch comprised of the species Microcebus ravelobensis. The latter result in particular emphasizes the need for careful biological study of this species. ©2007 Elsevier Inc. All rights reserved."
"AFRICAN PRIMATES: The Journal of the Africa Section of the IUCN/SSC Primate Specialist Group","https://scispace.com/paper/stoinski-the-journal-of-the-africa-section-of-the-iucnssc-oa0yg117","2002","","African Primates","","","https://scispace.com/records/stoinski-the-journal-of-the-africa-section-of-the-iucnssc-oa0yg117","1. Results:
 MP and ML topologies weakly support more recent common ancestry of other galagid genera, with Euoticus excluded. Alternative topologies, placing Euoticus within the Galago, Galagoides, and Otolemur group would require eight additional steps on the most parsimonious reconstruction.

2. Results:
 Phylogenetic reconstructions (ML) from partial cytochrome b sequences using data from this study in combination with published sequences  both resolve and conflict interpretations of relationships among galagid taxa (figure ).",""
"AFRICAN PRIMATES: The Journal of the Africa Section of the IUCN/SSC Primate Specialist Group","https://scispace.com/paper/stoinski-the-journal-of-the-africa-section-of-the-iucnssc-9zfos27b","2002","","African Primates","","","https://scispace.com/records/stoinski-the-journal-of-the-africa-section-of-the-iucnssc-9zfos27b","1. Results:
 MP and ML topologies weakly support more recent common ancestry of other galagid genera, with Euoticus excluded. Alternative topologies, placing Euoticus within the Galago, Galagoides, and Otolemur group would require eight additional steps on the most parsimonious reconstruction.

2. Results:
 Phylogenetic reconstructions (ML) from partial cytochrome b sequences using data from this study in combination with published sequences  both resolve and conflict interpretations of relationships among galagid taxa (figure ).",""
"Accuracy and Precision of Species Trees: Effects of Locus, Individual, and Base Pair Sampling on Inference of Species Trees in Lizards of the Liolaemus darwinii Group (Squamata, Liolaemidae)","https://scispace.com/paper/camargo-et-al-2012-accuracy-and-precision-of-species-trees-acrrpqxv","2012","","Systematic Biology","Arley Camargo
Luciano J. Avila
Mariana Morando
Jack W. Sites Jr.","10.1093/sysbio/syr105","https://scispace.com/records/camargo-et-al-2012-accuracy-and-precision-of-species-trees-acrrpqxv","1. Performance:
 Our evaluation of species-tree inference using a coalescent-based method is valid as long as genetree heterogeneity was a result of incomplete lineage sorting only. When including multiple individuals for reconstruction of species trees, sampling from phylogeographic lineage boundaries might obfuscate phylogenetic signal due to gene flow between species (Leache 2009).","Molecular phylogenetics has entered a new era in which species trees are estimated from a collection of gene trees using methods that accommodate their heterogeneity and discordance with the species tree. Empirical evaluation of species trees is necessary to assess the performance (i.e., accuracy and precision) of these methods with real data, which consists of gene genealogies likely shaped by different historical and demographic processes. We analyzed 20 loci for 16 species of the South American lizards of the Liolaemus darwinii species group and reconstructed a species tree with *BEAST, then compared the performance of this method under different sampling strategies of loci, individuals, and sequence lengths. We found an increase in the accuracy and precision of species trees with the number of loci, but for any number of loci, accuracy substantially decreased only when using only one individual per species or 25% of the full sequence length (~147 bp). In addition, locus ""informativeness"" was an important factor in the accuracy/precision of species trees when using a few loci, but it became increasingly irrelevant with additional loci. Our empirical results combined with the previous simulation studies suggest that there is an optimal range of sampling effort of loci, individuals, and sequence lengths for a given speciation history and information content of the data. Future studies should be directed toward further assessment of other factors that can impact performance of species trees, including gene flow, locus ""informativeness,"" tree shape, missing data, and errors in species delimitation. [Accuracy; coalescent; Liolaemus; phylogeny; precision; sampling; South America; species trees.]"
"Phylogenetic Relationships Among Malagasy Lemurs as Revealed by Mitochondrial DNA Sequence Analysis","https://scispace.com/paper/del-pero-et-al-1995-phylogenetic-relationships-among-iw57wn0r","1995","","PRIMATES","M. Del Pero
S. Crovella
P. Cervella
G. Ardito
Y. Rumpler","","https://scispace.com/records/del-pero-et-al-1995-phylogenetic-relationships-among-iw57wn0r","1. PHYLOGENETIC RECONSTRUCTION METHODS:
 All phylogenetic trees were rooted with Tupaia glis (Scandentia) as outgroup taxon because this species is regarded as divergent relative to the other primate taxa analyzed.

2. PHYLOGENETIC RECONSTRUCTION METHODS:
 A tree was constructed by stepwise clustering the genetic distances with the Neighbor-joining method that allows different evolutionary rate of change . In alternative to characterstate and distance matrix methods, the maximum-likelihood approach was adopted to produce an additional tree .

3. PHYLOGENETIC RECONSTRUCTION METHODS:
 This statistical method explicitly assumes a probabilistic model of character evolution in order to make historical inferences. The algorithm compares the tree constructed from the given data set against a mathematical model and determines its probability. The tree with the maximum likelihood value is thought to be the correct one.","Systematics and evolution of Malagasy lemurs has been analyzed using morphological characters, fossil evidence, ecological/ethological data, and chromosomal banding patterns. Recent developments in DNA technology have provided evolutionary biologists with additional and powerful tools for making phylogenetic inference. In the last years several studies concerning highly repeated DNA sequences (hrDNA) provided new insights about the systematic relationships among the different species of Lemuridae and Cheirogaleidae. Here, a reconstruction of molecular phylogeny of extant Malagasy lemurs based on the comparison of cytochrome-b mitochondrial DNA sequences is presented. With the Polymerase Chain Reaction (PCR) and direct sequencing of amplified DNA fragments, both the phylogenetic range and resolving power of comparative analysis can be extended. These techniques allow to gather sequence data useful to evaluate the pattern of molecular evolution offering opportunities for phylogenetic purposes. A 290-bp fragment of cytochrome-b gene has been amplified and sequenced from the following species: Tupaia glis, Galago alleni, Daubentonia madagascariensis, Indri indri, Varecia variegata, Eulemur fulvus, Eulemur coronatus, Eulemur rubriventer, Eulemur mongoz, Eulemur macaco, Lemur catta, and Hapalemur griseus griseus. The phylogenetic trees obtained show the relationships among the Eulemur species and confirm the karyological and hrDNA results of a separated clade for L. catta/Hapalemur. The separation of Varecia variegata from the other genus of the family Lemuridae is discussed."
"Is Recombination a Problem for Species-Tree Analyses?","https://scispace.com/paper/lanier-and-knowles-2012-is-recombination-a-problem-for-vofboqvz","2012","","Systematic Biology","Hayley C. Lanier
L. Lacey Knowles","10.1093/sysbio/syr128","https://scispace.com/records/lanier-and-knowles-2012-is-recombination-a-problem-for-vofboqvz","1. VOL. 61:
 Coalescent methods for species-tree reconstruction ) take advantage of the information contained in a sample of gene trees to reconstruct species trees accurately and are robust to error a variety of sources, including hybridization , gene flow , or recombination (this paper).

2. METHODS:
 As sampling effort and speciation history have both been shown to play a role in the ease of species-tree reconstructions , a variety of cases were compared. Data were simulated from 10 species trees (available on Dryad [data dryad.org] doi:10.5061/dryad.j611s56r),","As the field of phylogenetics transitions into phylogenomics it has spurred a shift in the general paradigm for data analysis whereby specific dataset attributes can now be considered in a model-based framework. Much effort has been put into modeling the effects of nucleotide substitution within a genealogy (i.e., modeling mutations; Felsenstein 2005) and the sorting of genes between lineages (i.e., coalescence; Knowles and Kubatko 2010), both of which are inherent properties of all species histories. Improvements in accuracy of species-tree estimation related to using models that account for these two sources of uncertainty have been well documented (Carstens and Knowles 2007; Edwards et al. 2007; Kubatko and Degnan 2007), but these are clearly not the only sources of gene-tree species-tree discordance. As the field transitions towards using multilocus data, the role of other inherent dataset properties that may be sources of uncertainty, such as intralocus recombination, needs to be examined and quantified. As all species-tree methods in current use rely on the simplifying assumption that recombination occurs between but not within loci, ignoring the presence of recombination represents a widespread and ubiquitous violation of species-tree models. Recombination within a locus may be a greater problem for species-tree methodologies than for concatenation because species-tree methods more accurately model the patterns arising from coalescent stochasticity. Concatenation assumes that all genes share a common underlying tree, a model violated by most multilocus data (Knowles and Carstens 2007; Cranston 2010; Linnen 2010; Wiens et al. 2010). The failure to recognize recombination events may result in a mismatch between estimated gene trees and the true genealogies (Fig. 1). This discord is necessarily smaller relative to the discord of both ignoring recombination and making the assumption that all loci would have the same genealogy (i.e., ignoring coalescent variance), as when data are concatenated. Nevertheless, because coalescent methods for species-tree estimation explicitly model each gene tree separately, the relative contribution of recombination to the uncertainty of the estimated species tree may be substantial. Challenges posed by recombination may also be greatest for species-tree methods that rely on estimating parameters related to the scaled mutation rate (Liu 2008; Liu et al. 2008; Heled and Drummond 2010) because recombination-introduced heterogeneity may interfere with branch length estimates or for species-tree methods that do not fully account for gene-tree uncertainty (Maddison and Knowles 2006; Kubatko et al. 2009). Lastly, recombination may interact with other aspects of the speciation history, such as time to divergence, population size, the length of time between speciation events, and sampling effort (McCormack et al. 2009). For example, recombination events occurring in recently speciated groups may not have accumulated a sufficient number of mutations for the effects to be problematic (see Fig. 1)."
"Lack of Congruence Between Morphological and Molecular Data in Reconstructing the Phylogeny of the Galagonidae","https://scispace.com/paper/masters-and-brothers-2002-lack-of-congruence-between-chqumgux","2002","","American Journal of Physical Anthropology","Judith C. Masters
Denis J. Brothers","10.1002/ajpa.10001","https://scispace.com/records/masters-and-brothers-2002-lack-of-congruence-between-chqumgux","1. Analyses using cheirogaleids as outgroups:
 Omitting the two mouse lemur taxa (Microcebus) improved the situation remarkably, resulting in a single most-parsimonious tree (length ϭ 53, CI ϭ 0.71, RI ϭ 0.81), in which the Euoticus taxa were separated out as the sister taxon to the remaining galagos, with Otolemur as the next most divergent taxon.","Published cladistic reconstructions of galagonid phylogeny based on morphological, behavioral, and genetic data have had few elements in common. A recent molecular study indicated that 2 of the 3 generic groupings derived from morphological data were not consistent with tree topologies constructed from the analysis of mitochondrial DNA sequences. In this study, we compiled and analyzed a data set based on craniodental morphology in 13 galagonid and 8 outgroup taxa, comprising 3 dwarf-lemur and 5 loris species, and subjected it to cladistic analysis. Our aim was not only to generate a new phylogenetic hypothesis based on these data, but also to investigate the conditions under which congruence could be achieved between these results and those obtained previously. The data set was found to be highly sensitive to the choice of outgroup, with the lorises showing high interspecific variability in cranial structure. Congruence between the craniodental and molecular trees could be achieved only if Arctocebus was used as the outgroup and two characters were preferentially weighted. Further progress in the reconstruction of galagonid phylogeny will require seeking consensus in a variety of other data sets, including postcranial morphology, behavior, and additional gene sequences. The effect of different outgroups on molecular analysis needs attention. Am J Phys Anthropol 117:79-93, 2002. © 2002 Wiley-Liss, Inc."
"Gene tree discordance, phylogenetic inference and the multispecies coalescent","https://scispace.com/paper/degnan-and-rosenberg-2009-gene-tree-discordance-phylogenetic-wkvqkdvs","2009","","Trends in Ecology and Evolution","James H. Degnan
Noah A. Rosenberg","10.1016/j.tree.2009.01.009","https://scispace.com/records/degnan-and-rosenberg-2009-gene-tree-discordance-phylogenetic-wkvqkdvs","1. The multispecies coalescent:
 It also accommodates multiple individuals (alleles or lineages) sampled per species .

2. Gene tree probabilities:
 These results are potentially compatible with the multispecies coalescent when there is a long separation between the split of orangutan (which has the role of species 'D') and the divergence of the other great apes, but a short interval between the separation of gorillas and the human-chimpanzee split.

3. Abstract:
 With the increasing abundance of molecular data and the recognition that evolutionary trees from different genes often have conflicting branching patterns [1-8], it is becoming increasingly feasible to implement multilocus approaches to phylogenetic inference.","The field of phylogenetics is entering a new era in which trees of historical relationships between species are increasingly inferred from multilocus and genomic data. A major challenge for incorporating such large amounts of data into inference of species trees is that conflicting genealogical histories often exist in different genes throughout the genome. Recent advances in genealogical modeling suggest that resolving close species relationships is not quite as simple as applying more data to the problem. Here we discuss the complexities of genealogical discordance and review the issues that new methods for multilocus species tree inference will need to address to account successfully for naturally occurring genomic variability in evolutionary histories."
"Primate extinction risk and historical patterns of speciation and extinction in relation to body mass","https://scispace.com/paper/matthews-et-al-2011-primate-extinction-risk-and-historical-05nr285d","2010","","Proc. R. Soc. B","Luke J. Matthews
Christian Arnold
Zarin Machanda
Charles L. Nunn","10.1098/rspb.2010.1489","https://scispace.com/records/matthews-et-al-2011-primate-extinction-risk-and-historical-05nr285d","1. (a) Tree inference:
 As our hypotheses pertained to the order Primates as a whole, we needed a phylogeny that included as many species as possible. To this end, we used the trees available from the 10KTREES project, v. 1 (http://10ktrees.fas.harvard.edu/).","Body mass is thought to influence diversification rates, but previous studies have produced ambiguous results. We investigated patterns of diversification across 100 trees obtained from a new Bayesian infer- ence of primate phylogeny that sampled trees in proportion to their posterior probabilities. First, we used simulations to assess the validity of previous studies that used linear models to investigate the links between IUCN Red List status and body mass. These analyses support the use of linear models for ordinal ranked data on threat status, and phylogenetic generalized linear models revealed a significant positive correlation between current extinction risk and body mass across our tree block. We then investigated historical patterns of speciation and extinction rates using a recently developed maximum- likelihood method. Specifically, we predicted that body mass correlates positively with extinction rate because larger bodied organisms reproduce more slowly, and body mass correlates negatively with speciation rate because smaller bodied organisms are better able to partition niche space. We failed to find evidence that extinction rates covary with body mass across primate phylogeny. Similarly, the specia- tion rate was generally unrelated to body mass, except in some tests that indicated an increase in the speciation rate with increasing body mass. Importantly, we discovered that our data violated a key assumption of sample randomness with respect to body mass. After correcting for this bias, we found no association between diversification rates and mass."
"Phylogenetic Mixture Models Can Reduce Node-Density Artifacts","https://scispace.com/paper/venditti-et-al-2008-phylogenetic-mixture-models-can-reduce-t9m9anre","2008","","Systematic Biology","Chris Venditti
Andrew Meade
Mark Pagel","10.1080/10635150802044045","https://scispace.com/records/venditti-et-al-2008-phylogenetic-mixture-models-can-reduce-t9m9anre","1. Phylogenetic Reconstruction:
 For each data set we inferred trees using five different models, ranging from a simple 1Q model (the conventional nonmixture or homogeneous GTR model) through to mixture models with two, three, four, and five Q's.

2. Phylogenetic Reconstruction:
 We used the Bayesian mixture model described in  to produce posterior samples of phylogenetic trees from each of the simulated alignments.

3. Phylogenetic Reconstruction:
 To compare the mixture models to the true model, we estimated posterior samples of trees for each alignment based on partitioning according to the known pattern heterogeneity in the data (corresponding to perfect prior knowledge of sites).","We investigate the performance of phylogenetic mixture models in reducing a well-known and pervasive artifact of phylogenetic inference known as the node-density effect, comparing them to partitioned analyses of the same data. The node-density effect refers to the tendency for the amount of evolutionary change in longer branches of phylogenies to be underestimated compared to that in regions of the tree where there are more nodes and thus branches are typically shorter. Mixture models allow more than one model of sequence evolution to describe the sites in an alignment without prior knowledge of the evolutionary processes that characterize the data or how they correspond to different sites. If multiple evolutionary patterns are common in sequence evolution, mixture models may be capable of reducing node-density effects by characterizing the evolutionary processes more accurately. In gene-sequence alignments simulated to have heterogeneous patterns of evolution, we find that mixture models can reduce node-density effects to negligible levels or remove them altogether, performing as well as partitioned analyses based on the known simulated patterns. The mixture models achieve this without knowledge of the patterns that generated the data and even in some cases without specifying the full or true model of sequence evolution known to underlie the data. The latter result is especially important in real applications, as the true model of evolution is seldom known. We find the same patterns of results for two real data sets with evidence of complex patterns of sequence evolution: mixture models substantially reduced node-density effects and returned better likelihoods compared to partitioning models specifically fitted to these data. We suggest that the presence of more than one pattern of evolution in the data is a common source of error in phylogenetic inference and that mixture models can often detect these patterns even without prior knowledge of their presence in the data. Routine use of mixture models alongside other approaches to phylogenetic inference may often reveal hidden or unexpected patterns of sequence evolution and can improve phylogenetic inference. [Mixture models; molecular evolution; node-density effect; phylogeny reconstruction; simulation.]"
"Accelerated Species Inventory on Madagascar Using Coalescent-Based Models of Species Delineation","https://scispace.com/paper/monaghan-et-al-2009-accelerated-species-inventory-on-9cytlz74","2009","","Systematic Biology","Michael T. Monaghan
Ruth Wild
Miranda Elliot
Tomochika Fujisawa
Michael Balke
Daegan J.G. Inward
David C. Lees
Ravo Ranaivosolo
Paul Eggleton
Timothy G. Barraclough
Alfried P. Vogler","10.1093/sysbio/syp027","https://scispace.com/records/monaghan-et-al-2009-accelerated-species-inventory-on-9cytlz74","1. Species Delineation with the GMYC Model:
 The GMYC approach was applied to trees reconstructed with a relaxed lognormal coalescent, a relaxed lognormal Yule, and a uniform clock.","High-throughput DNA sequencing has the potential to accelerate species discovery if it is able to recognize evolutionary entities from sequence data that are comparable to species. The general mixed Yule-coalescent (GMYC) model estimates the species boundary from DNA surveys by identifying independently evolving lineages as a transition from coalescent to speciation branching patterns on a phylogenetic tree. Applied here to 12 families from 4 orders of insects in Madagascar, we used the model to delineate 370 putative species from mitochondrial DNA sequence variation among 1614 individuals. These were compared with data from the nuclear genome and morphological identification and found to be highly congruent (98% and 94%). We developed a modified GMYC that allows for a variable transition from coalescent to speciation among lineages. This revised model increased the congruence with morphology (97%), suggesting that a variable threshold better reflects the clustering of sequence data into biological species. Local endemism was pronounced in all 5 insect groups. Most species (60-91%) and haplotypes (88-99%) were found at only 1 of the 5 study sites (40-1000 km apart). This pronounced endemism resulted in a 37% increase in species numbers using diagnostic nucleotides in a population aggregation analysis. Sample sizes between 7 and 10 individuals represented a threshold above which there was minimal increase in genetic diversity, broadly agreeing with coalescent theory and other empirical studies. Our results from >1.4 Mb of empirical data suggest that the GMYC model captures species boundaries comparable to those from traditional methods without the need for prior hypotheses of population coherence. This provides a method of species discovery and biodiversity assessment using single-locus data from mixed or environmental samples while building a globally available taxonomic database for future identifications. [Biodiversity; coalescent; DNA barcoding; DNA taxonomy; endemism; GMYC; Madagascar; turnover.]"
"Identifying Hybridization Events in the Presence of Coalescence via Model Selection","https://scispace.com/paper/kubatko-2009-identifying-hybridization-events-in-the-9sermqt4","2009","","Systematic Biology","Laura Salter Kubatko","10.1093/sysbio/syp055","https://scispace.com/records/kubatko-2009-identifying-hybridization-events-in-the-9sermqt4","1. DISCUSSION:
 As recognition of the importance of the coalescent in phylogenetic species tree inference continues to grow, the challenge becomes the development of models that become increasingly sophisticated by including additional evolutionary process known to be at work in the evolution of single-gene histories within the common framework of the species tree.","As DNA sequences have become more readily available, it has become increasingly desirable to infer species phylogenies from multigene data sets. Much recent work has centered around the recognition that substantial incongruence in single-gene phylogenies necessitates the development of statistical procedures to estimate species phylogenies that appropriately model the process of evolution at the level of the individual genes. One process that gives rise to variation in the histories of individual genes is incomplete lineage sorting, which is commonly modeled by the coalescent, and thus much current work is focused on proper estimation of species phylogenies under the coalescent model. A second common source of discord in single-gene phylogenies is hybridization, a process that is ubiquitous in many groups of plants and animals. Although methods to incorporate hybridization into phylogenetic estimation have also been developed, only a handful of methods that address both coalescence and hybridization have been proposed. Here, I propose an extension of an existing model that incorporates both of these processes simultaneously by utilizing gene trees for inference in a likelihood framework. The model allows examination of the evidence for hybridization in the presence of incomplete lineage sorting due to deep coalescence via model selection using standard information criteria (e.g., Akaike information criterion and Bayesian information criterion ). The potential of the method is evaluated using simulated data. [deep coalescence; gene trees; hybridization; incomplete lineage sorting; multilocus data; species phylogeny.]"
"GENETIC ALGORITHM APPROACHES FOR THE PHYLOGENETIC ANALYSIS OF LARGE BIOLOGICAL SEQUENCE DATASETS UNDER THE MAXIMUM LIKELIHOOD CRITERION","https://scispace.com/paper/2006zwicklgeneticalgorithphdthesis-ijuw8sml","2006","","","Derrick Joel Zwickl","","https://scispace.com/records/2006zwicklgeneticalgorithphdthesis-ijuw8sml","1. Abstract:
 Model-based methods have been repeatedly shown to be the most accurate choice for the reconstruction of phylogenetic trees, and thus are an attractive choice despite their high computational demands. Using the Maximum Likelihood (ML) criterion to choose among phylogenetic trees is one commonly used model-based technique.","Phylogenetic trees have a multitude of applications in biology, epidemiology, conservation and even forensics. However, the inference of phylogenetic trees can be extremely computationally intensive. The computational burden of such analyses becomes even greater when model-based methods are used. Model-based methods have been repeatedly shown to be the most accurate choice for the reconstruction of phylogenetic trees, and thus are an attractive choice despite their high computational demands. Using the Maximum Likelihood (ML) criterion to choose among phylogenetic trees is one commonly used model-based technique. Until recently, software for performing ML analyses of biological sequence data was largely intractable for more than about one hundred sequences. Because advances in sequencing technology now make the assembly of datasets consisting of thousands of sequences common, ML search algorithms that are able to quickly and accurately analyze such data must be developed if ML techniques are to remain a viable option in the future. I have developed a fast and accurate algorithm that allows ML phylogenetic searches to be performed on datasets consisting of thousands of sequences. My software uses a genetic algorithm approach, and is named GARLI (Genetic Algorithm for Rapid Likelihood Inference). The speed of this new algorithm results primarily from its novel technique for partial optimization of branch-length parameters following topological rearrangements. Experiments performed with GARLI show that it is able to analyze large datasets in a small fraction of the time required by the previous generation of search algorithms. The program also performs well relative to two other recently introduced fast ML search programs. Large parallel computer clusters have become common at academic institutions in recent years, presenting a new resource to be used for phylogenetic analyses. The P-GARLI algorithm extends the approach of GARLI to allow simultaneous use of many computer processors. The processors may be instructed to work together on a phylogenetic search in either a highly coordinated or largely independent fashion. Preliminary experiments suggest that analyses using the P-GARLI software can result in better solutions than can be obtained with the serial GARLI algorithm."
"Hidden in the Dark: A Review of Galagid Systematics and Phylogenetics","https://scispace.com/paper/penna-and-pozzi-2024-hidden-in-the-dark-a-review-of-galagid-piufk1sg","2024","","International Journal of Primatology","Anna Penna
Luca Pozzi","10.1007/s10764-024-00430-w","https://scispace.com/records/penna-and-pozzi-2024-hidden-in-the-dark-a-review-of-galagid-piufk1sg","1. Incorporating multiple lines of evidence: the integrative taxonomy approach:
 The description of the new genus Paragalago combined multiple lines of evidence to support the hypothesis that dwarf galagos do not represent a single evolutionary lineage but, in fact, two radiations of miniaturized primates .","An accurate representation of species diversity is critical in primatology; most of the questions in evolutionary biology, ecology, and conservation hinge on species as a fundamental unit of analysis. Galagos are among the least-known primates. Because of their cryptic morphology, broad distribution, and sampling challenges arising from elusive habits and political instability, substantial knowledge gaps about their taxonomy, evolutionary history, and biogeography remain. Despite these limitations, recent research that integrated field surveys, acoustic, morphological, and genetic analyses helped us to better understand the taxonomic diversity of this primate group. In this paper, we (1) review the current status of galagid taxonomy; (2) synthesize our current understanding of their phylogenetics, origins, and biogeography; and (3) explore current and future approaches to elucidate galagid cryptic species diversity. The onset of galago systematics dates back to the early 19th century, with taxonomic descriptions following natural history expeditions and comparative anatomy studies. Although morphology has historically dominated systematic research on galagos, the coupling of acoustic analyses with genetic data has revolutionized the field. Taxonomic rearrangements include the discovery of new species in the wild (e.g., Galagoides kumbirensis) and the description of a new genus (Paragalago). Technological advances have allowed the collection of acoustic data in remote areas, and molecular techniques have the potential to help researchers fill important geographic gaps. Improving the resolution of galago species diversity also has implications for the conservation of wild populations, as a better understanding of species boundaries and ranges can aid in the implementation of conservation strategies."
"ESTIMATING SPECIES TREES USING MULTIPLE-ALLELE DNA SEQUENCE DATA","https://scispace.com/paper/liu-et-al-2008-estimating-species-trees-using-multiple-dhrxkvmh","2008","","Evolution","Liang Liu
Dennis K. Pearl
Robb T. Brumfield
Scott V. Edwards","10.1111/j.1558-5646.2008.00414.x","https://scispace.com/records/liu-et-al-2008-estimating-species-trees-using-multiple-dhrxkvmh","1. Abstract:
 We propose a Bayesian hierarchical model to reconstruct species trees from multipleallele, multilocus sequence data, building on a recently proposed method for estimating species trees from single allele multilocus data. A two-step Markov Chain Monte Carlo (MCMC) algorithm is adopted to estimate the posterior distribution of the species tree.","Several techniques, such as concatenation and consensus methods, are available for combining data from multiple loci to produce a single statement of phylogenetic relationships. However, when multiple alleles are sampled from individual species, it becomes more challenging to estimate relationships at the level of species, either because concatenation becomes inappropriate due to conflicts among individual gene trees, or because the species from which multiple alleles have been sampled may not form monophyletic groups in the estimated tree. We propose a Bayesian hierarchical model to reconstruct species trees from multiple-allele, multilocus sequence data, building on a recently proposed method for estimating species trees from single allele multilocus data. A two-step Markov Chain Monte Carlo (MCMC) algorithm is adopted to estimate the posterior distribution of the species tree. The model is applied to estimate the posterior distribution of species trees for two multiple-allele datasets—yeast (Saccharomyces) and birds (Manacus—manakins). The estimates of the species trees using our method are consistent with those inferred from other methods and genetic markers, but in contrast to other species tree methods, it provides credible regions for the species tree. The Bayesian approach described here provides a powerful framework for statistical testing and integration of population genetics and phylogenetics."